{
  "required": true,
  "package": "net.aoba.mixin",
  "compatibilityLevel": "JAVA_21",
  "mixins": [
    "ShulkerBoxBlockMixin",
    "interfaces.ICamera",
    "interfaces.IEntity",
    "interfaces.IEntityVelocityUpdateS2CPacket",
    "interfaces.IExplosionS2CPacket",
    "interfaces.ILivingEntity",
    "interfaces.IMinecraftClient",
    "interfaces.IPlayerInteractEntityC2SPacket",
    "interfaces.IModelPart",
    "interfaces.ICuboid",
    "interfaces.IEntityModel",
    "interfaces.IPlayerMoveC2SPacket",
    "interfaces.IMouse",
	"interfaces.IClientPlayerEntity",
	"interfaces.IBossBarS2CPacket"
  ],
  "client": [
    "AbstractBlockStateMixin",
    "AbstractClientPlayerEntityMixin",
    "AbstractSignEditScreenMixin",
    "BackgroundRendererMixin",
    "BlockMixin",
    "CactusBlockMixin",
    "CameraMixin",
    "ChatHudMixin",
    "ChatInputSuggestorMixin",
    "ChatScreenMixin",
    "ChunkOcclusionDataBuilderMixin",
    "ClientConnectionMixin",
    "ClientPlayerEntityMixin",
    "ClientPlayerInteractionManagerMixin",
    "ClientPlayNetworkHandlerMixin",
    "ConstantMixin",
    "DeathScreenMixin",
    "DynamicMixin",
    "EntityMixin",
    "EntityRendererMixin",
    "FluidBlockMixin",
    "FluidRendererMixin",
    "GameOptionsMixin",
    "GameRendererMixin",
    "HungerManagerMixin",
    "IngameHudMixin",
    "InGameOverlayRendererMixin",
	"ItemStackMixin",
    "KeyboardMixin",
    "LightmapTextureManagerMixin",
    "LivingEntityMixin",
    "MinecraftClientMixin",
    "MouseMixin",
    "MultiplayerScreenMixin",
    "ParticleManagerMixin",
    "PlayerEntityMixin",
    "ScreenMixin",
    "SimpleOptionMixin",
    "SoundSystemMixin",
    "TitleScreenMixin",
    "WorldChunkMixin",
    "WorldRendererMixin",
    "ShulkerBoxBlockMixin",
    "HandledScreenMixin",
    "HorseBaseEntityMixin"
  ],
  "injectors": {
    "defaultRequire": 1
  }
}