{
	"schemaVersion": 1,
	"id": "aoba",
	"version": "1.4.5",
	"name": "Aoba Client",
	"description": "A Minecraft Fabric 1.21.4 utility mod.",
	"authors": [
		"Cocolots",
		"cvs0"
	],
	"contact": {
		"homepage": "https://aobaclient.com",
		"sources": "https://github.com/coltonk9043/Aoba-Client",
		"issues": "https://github.com/coltonk9043/Aoba-Client/issues",
		"discord": "https://discord.gg/jEu6WfnyR6"
	},
	"license": "CC0-1.0",
	"icon": "assets/aoba/icon.png",
	"environment": "client",
	"entrypoints": {
		"main": [
			"net.aoba.Aoba"
		]
	},
	"mixins": [
		"aoba.mixins.json",
		"aoba-sodium.mixins.json"
	],
	"accessWidener" : "aoba.accesswidener",
	"depends": {
		"fabricloader": ">=0.16.9",
		"minecraft": "~1.21.4",
		"java": ">=21",
		"fabric-api": "*"
	}
}